Product_Num,demand
SH001,235.8389929
SH002,227.3981106
SH003,235.6659799
SH004,206.4848054
SH005,231.7154554
SH006,212.5358272
SH007,223.2602788
SH008,220.8573792
SH009,221.0749056
SH010,200.633469
SH011,218.596989
SH012,217.3502342
SH013,215.2891503
SH014,227.2537443
SH015,189.0984592
SH016,236.305043
SH017,204.0334886
SH018,251.3639542
SH019,208.5522205
SH020,217.6161075
SH021,238.0528721
SH022,223.7130482
SH023,209.8092643
SH024,208.0126757
SH025,202.4612664
SH026,221.1424223
SH027,212.2392411
SH028,219.1229683
SH029,222.6477174
SH030,227.1443326
SH031,222.8892163
SH032,248.8103242
SH033,207.6833578
SH034,184.9301002
SH035,217.7373482
SH036,242.4013824
SH037,245.5156887
SH038,241.3394666
SH039,196.201098
SH040,213.0324471
SH041,216.8400484
SH042,182.9580984
SH043,221.6206536
SH044,223.0642775
SH045,219.7172471
SH046,210.0243686
SH047,205.5238195
SH048,206.2358535
SH049,210.9594967
SH050,215.6877719
SH051,194.4355468
SH052,228.1715449
SH053,215.5316109
SH054,235.4274689
SH055,210.5276621
SH056,209.4756908
SH057,247.6454597
SH058,214.7655753
SH059,243.425253
SH060,233.2197017
SH061,216.5647824
SH062,231.3165375
SH063,220.5633626
SH064,230.1812879
SH065,237.9869829
SH066,204.3051255
SH067,210.1926626
SH068,212.4573179
SH069,203.40626
SH070,201.8481042
SH071,215.80504
SH072,234.6268396
SH073,209.2179011
SH074,223.4000027
SH075,203.1145758
SH076,235.7214439
SH077,179.0100614
SH078,204.2887833
SH079,205.8679976
SH080,207.1669707
SH081,206.3998186
SH082,213.7895223
SH083,202.4880777
SH084,218.8812058
SH085,224.7832688
SH086,217.4678647
SH087,216.8192887
SH088,212.7829614
SH089,227.6222197
SH090,232.6222752
SH091,228.8711062
SH092,211.3276263
SH093,191.2522751
SH094,243.1594056
SH095,217.642269
SH096,233.1411474
SH097,222.9842876
SH098,237.9188028
SH099,249.7640595
SH100,196.1437261
SH101,223.9076811
SH102,219.821575
SH103,222.2263751
SH104,225.1912521
SH105,209.7287302
SH106,217.9287252
SH107,192.5577459
SH108,224.829431
SH109,225.1011703
SH110,207.3819105
SH111,218.6573412
SH112,233.7374425
SH113,233.5037244
SH114,204.8456943
SH115,204.6943552
SH116,229.1170247
SH117,233.417381
SH118,188.9519154
SH119,218.5694723
SH120,236.9599162
SH121,252.0757605
SH122,262.1897114
SH123,231.7847723
SH124,252.0073215
SH125,219.6873413
SH126,219.0398718
SH127,236.076207
SH128,230.3218638
SH129,209.927878
SH130,230.846249
SH131,208.9702965
SH132,246.5863116
SH133,255.9865769
SH134,242.8415476
SH135,207.2195636
SH136,237.680155
SH137,240.7387215
SH138,243.5240175
SH139,227.3297491
SH140,210.4673215
SH141,200.1209993
SH142,209.5012821
SH143,216.525855
SH144,228.0295488
SH145,231.7924703
SH146,255.4784156
SH147,198.1730502
SH148,228.5717755
SH149,240.2611169
SH150,222.6248002
SH151,239.8365651
SH152,238.4574109
SH153,224.0210515
SH154,223.5513033
SH155,213.4336739
SH156,219.2086782
SH157,251.6945755
SH158,251.3352562
SH159,220.8216163
SH160,197.5431524
SH161,240.8392764
SH162,218.3429929
SH163,240.0210528
SH164,218.5590524
SH165,233.475589
SH166,216.6548295
SH167,186.6470308
SH168,220.195035
SH169,232.1248777
SH170,210.008064
SH171,233.2835791
SH172,223.1766349
SH173,208.8429609
SH174,251.4533092
SH175,221.5142666
SH176,227.6594817
SH177,201.4863378
SH178,218.2193247
SH179,232.4056076
SH180,206.8539097
SH181,219.2386064
SH182,204.4967826
SH183,229.362535
SH184,238.2014959
SH185,224.0845788
SH186,219.5528634
SH187,216.1932027
SH188,241.9549608
SH189,185.1640508
SH190,219.2865873
SH191,233.0733537
SH192,214.8531473
SH193,206.0773825
SH194,223.9265225
SH195,255.0701666
SH196,235.3718237
SH197,221.2028329
SH198,244.7420798
SH199,237.2503603
SH200,214.0443109
SH201,236.6316309
SH202,228.5610128
SH203,259.2017592
SH204,211.6994967
SH205,198.3405226
SH206,203.1439305
SH207,222.6563648
SH208,230.5609022
SH209,215.632981
SH210,198.739984
SH211,242.8253419
SH212,185.939313
SH213,220.5241696
SH214,211.267212
SH215,193.7906205
SH216,196.777276
SH217,220.1997094
SH218,208.7200123
SH219,235.4021281
SH220,182.5969281
SH221,234.4408968
SH222,235.5984668
SH223,204.080377
SH224,222.2425486
SH225,222.6273898
SH226,211.4854021
SH227,196.4648985
SH228,240.9565182
SH229,210.0424899
SH230,221.2556772
SH231,204.8379832
SH232,220.1649537
SH233,223.2467134
SH234,205.839028
SH235,233.9743794
SH236,246.7307995
SH237,203.5803267
SH238,232.6404174
SH239,219.8930141
SH240,235.9440084
SH241,210.1672354
SH242,224.8970412
SH243,219.9277649
SH244,248.1973107
SH245,221.5685911
SH246,221.2829731
SH247,211.996983
SH248,211.7650005
SH249,207.6221605
SH250,205.7262736
SH251,263.0114084
SH252,229.2999847
SH253,188.6893668
SH254,241.2549262
SH255,240.7156322
SH256,217.3394068
SH257,251.4661035
SH258,236.3467448
SH259,231.6714679
SH260,215.7249527
SH261,209.5291257
SH262,197.2487735
SH263,209.831133
SH264,251.722995
SH265,206.7044535
SH266,197.8400349
SH267,217.8847767
SH268,244.0376548
SH269,217.547802
SH270,212.215378
SH271,218.9409012
SH272,197.5768998
SH273,248.6071944
SH274,220.0706412
SH275,203.8090146
SH276,213.0040174
SH277,206.8574678
SH278,225.9297072
SH279,185.7895633
SH280,216.4666336
SH281,204.7378072
SH282,210.8086073
SH283,206.4523875
SH284,246.7746527
SH285,249.2047221
SH286,222.0885351
SH287,208.1493769
SH288,233.2373428
SH289,226.5463032
SH290,225.5923918
SH291,225.7777847
SH292,248.9305899
SH293,243.1670818
SH294,252.1165357
SH295,204.9608423
SH296,225.6338089
SH297,224.6464763
SH298,238.7532282
SH299,224.6478633
SH300,207.2592382
SH301,226.4682377
SH302,216.0289145
SH303,206.9224999
SH304,225.1877246
SH305,214.1517789
SH306,207.3137905
SH307,205.6200619
SH308,203.1149925
SH309,214.9100995
SH310,224.5419633
SH311,179.8409058
SH312,229.7312417
SH313,240.9130095
SH314,198.7362561
SH315,216.1727475
SH316,219.882026
SH317,202.9865004
SH318,236.761571
SH319,208.8743921
SH320,223.0910457
SH321,211.5255985
SH322,227.8093126
SH323,205.289114
SH324,250.5887911
SH325,237.1009514
SH326,249.4959666
SH327,231.4499721
SH328,211.8481755
SH329,201.4770387
SH330,221.7973778
SH331,202.0971742
SH332,258.4539612
SH333,233.462035
SH334,196.023403
SH335,198.4488764
SH336,219.2457694
SH337,211.5023551
SH338,215.2880517
SH339,229.0383575
SH340,232.1730093
SH341,215.170366
SH342,194.8393805
SH343,253.9162236
SH344,241.9337871
SH345,245.3922406
SH346,186.0075343
SH347,243.5673528
SH348,245.418088
SH349,183.2049251
SH350,213.2676315
SH351,201.7470817
SH352,197.1479959
SH353,203.6681084
SH354,218.4194698
SH355,191.8689243
SH356,219.7047413
SH357,179.6821486
SH358,212.6834282
SH359,217.7811224
SH360,254.8557131
SH361,212.7924275
SH362,216.4142506
SH363,215.5527776
SH364,218.9164153
SH365,194.8924162
SH366,256.1215151
SH367,226.0878437
SH368,216.2659546
SH369,189.2011209
SH370,188.8992237
SH371,198.2077206
SH372,246.2601855
SH373,208.9103788
SH374,205.5633711
SH375,239.7800701
SH376,246.0045403
SH377,195.8838207
SH378,208.7652928
SH379,214.8296239
SH380,204.5663646
SH381,247.4005443
SH382,238.3086478
SH383,231.3472339
SH384,246.135084
SH385,234.4277772
SH386,211.3009925
SH387,225.6726724
SH388,203.3550945
SH389,215.5822798
SH390,233.3203629
SH391,231.4759798
SH392,191.0457074
SH393,213.6401874
SH394,210.158571
SH395,231.6278445
SH396,242.3445491
SH397,216.5930899
SH398,216.9383647
SH399,218.1127154
SH400,215.3083921
SH401,235.1289733
SH402,212.9355038
SH403,233.8637749
SH404,208.1601222
SH405,225.3246247
SH406,210.2792395
SH407,224.2689132
SH408,229.2331386
SH409,200.9442532
SH410,226.0744604
SH411,213.4993183
SH412,234.2684937
SH413,227.5175271
SH414,230.2869157
SH415,217.1266335
SH416,211.050968
SH417,243.0120043
SH418,258.718399
SH419,241.4898136
SH420,230.8099547
SH421,203.8197013
SH422,218.8868355
SH423,227.5331877
SH424,187.8312234
SH425,230.3291073
SH426,220.5680833
SH427,238.4185503
SH428,231.0441901
SH429,237.6575053
SH430,221.1097189
SH431,199.2737159
SH432,241.3705034
SH433,223.3572646
SH434,264.1903852
SH435,237.8168946
SH436,215.9760388
SH437,218.4703726
SH438,210.4074353
SH439,228.5122573
SH440,245.7993974
SH441,208.4605269
SH442,224.3706701
SH443,234.336593
SH444,226.356887
SH445,232.2460679
SH446,242.0504202
SH447,238.5804369
SH448,232.8447891
SH449,231.4199782
SH450,216.148851
SH451,228.4321673
SH452,201.2758015
SH453,235.4293245
SH454,238.6430978
SH455,230.8072992
SH456,222.4364709
SH457,223.6376939
SH458,199.7080034
SH459,204.5137191
SH460,227.5079258
SH461,203.9897364
SH462,202.4416927
SH463,231.0371599
SH464,243.505388
SH465,216.9180677
SH466,217.943312
SH467,224.513977
SH468,213.7544663
SH469,211.2488944
SH470,231.6218181
SH471,209.9725528
SH472,224.9358692
SH473,175.6367908
SH474,239.5295111
SH475,224.6542335
SH476,223.5343579
SH477,206.1036876
SH478,234.8762421
SH479,247.1593716
SH480,222.1545335
SH481,255.2119007
SH482,206.7058834
SH483,215.1121168
SH484,230.1643007
SH485,202.4329523
SH486,216.9392861
SH487,241.7727234
SH488,201.6966307
SH489,216.6657199
SH490,266.2262925
SH491,241.81816
SH492,238.1611334
SH493,219.65985
SH494,246.033038
SH495,218.166432
SH496,238.1029881
SH497,220.0950783
SH498,199.5302623
SH499,214.1569254
SH500,210.0383752
SH501,207.4576123
SH502,236.0822826
SH503,206.4686025
SH504,227.545628
SH505,206.3382471
SH506,186.7286995
SH507,217.0226149
SH508,216.6047875
SH509,225.7012031
SH510,216.3611932
SH511,203.7442801
SH512,241.3590587
SH513,224.1167425
SH514,195.2465091
SH515,244.921964
SH516,220.9523892
SH517,203.8103902
SH518,199.8360984
SH519,234.7468647
SH520,241.9562101
SH521,184.2680724
SH522,207.1051311
SH523,234.3258115
SH524,195.7552197
SH525,276.0623753
SH526,217.505262
SH527,210.3286719
SH528,228.3749538
SH529,222.7385744
SH530,209.6300652
SH531,190.6637762
SH532,233.4278658
SH533,242.2721147
SH534,210.1137364
SH535,215.5240194
SH536,219.2589879
SH537,239.5970929
SH538,208.9082893
SH539,217.0678492
SH540,212.3797183
SH541,176.3416085
SH542,226.6805867
SH543,235.0251202
SH544,216.8573808
SH545,225.9012509
SH546,236.3082359
SH547,236.9080995
SH548,200.1175143
SH549,209.6936679
SH550,241.8236906
SH551,214.5548913
SH552,210.5851801
SH553,202.0654834
SH554,207.0200285
SH555,203.857224
SH556,215.6658301
SH557,235.7382318
